<?xml version="1.0" encoding="UTF-8" standalone="yes"?>
<addon id="plugin.video.chicagowizard" name="Chicago Wizard" version="1.0.0" provider-name="Chicago Build">
  <requires>
    <import addon="xbmc.python" version="2.1.0"/>
  </requires>
  <extension point="xbmc.python.pluginsource" library="default.py">
        <provides>video executable</provides>
  </extension>
  <extension point="xbmc.addon.metadata">
		<summary lang="en">Chicago Build</summary>
		<description lang="en">Chicago Wizard</description>
		<disclaimer lang="en">Luis Serna</disclaimer>
		<platform>all</platform>
	</extension>
</addon>

